{"META": 2.217318296432495, "USER": 1.6084551811218262, "OTHER": 0.03471197187900543, "PRODUCT": 4.198967933654785}