{"PATH_/api/Quantitys/": 0.00012714487093035132, "PATH_/rest/user/whoami": 1.6085748672485352, "PATH_/api/Challenges/": 9.859060810413212e-05, "PATH_/rest/products/search": 0.616294264793396, "PATH_/rest/products/NUM/reviews": 3.182480941177346e-05, "PATH_/api/Products/NUM": 7.010491390246898e-05, "PATH_/rest/languages": 0.00010073277371702716}